WEO Country Code,Country code,Country,Subject Descriptor,Units,Scale,Country/Series-specific Notes,2023,2024,2025,2026,2027,2028,2029,Estimates Start After
512,AFG,Afghanistan,Gross domestic product per capita current prices,U.S. dollars,Units,See notes for:  Gross domestic product current prices (National currency) Population (Persons).,,,,,,,,2023
914,ALB,Albania,Gross domestic product per capita current prices,U.S. dollars,Units,See notes for:  Gross domestic product current prices (National currency) Population (Persons).,7956.559,8924.317,9474.065,10135.055,10827.923,11578.584,12389.74,2021
612,DZA,Algeria,Gross domestic product per capita current prices,U.S. dollars,Units,See notes for:  Gross domestic product current prices (National currency) Population (Persons).,5323.635,5721.678,5869.435,5998.622,6073.858,6129.969,6170.756,2019
171,AND,Andorra,Gross domestic product per capita current prices,U.S. dollars,Units,See notes for:  Gross domestic product current prices (National currency) Population (Persons).,43784.571,44899.596,45570.14,46093.258,46597.511,47098.423,47563.642,2022
614,AGO,Angola,Gross domestic product per capita current prices,U.S. dollars,Units,See notes for:  Gross domestic product current prices (National currency) Population (Persons).,2565.912,2431.58,2444.365,2455.711,2528.702,2571.26,2617.815,2021
311,ATG,Antigua and Barbuda,Gross domestic product per capita current prices,U.S. dollars,Units,See notes for:  Gross domestic product current prices (National currency) Population (Persons).,19123.213,20532.983,21507.87,22250.512,23019.442,23818.088,24647.694,2022
213,ARG,Argentina,Gross domestic product per capita current prices,U.S. dollars,Units,See notes for:  Gross domestic product current prices (National currency) Population (Persons).,14024.239,12811.84,11733.98,12314.778,12953.291,13517.009,14002.033,2010
911,ARM,Armenia,Gross domestic product per capita current prices,U.S. dollars,Units,See notes for:  Gross domestic product current prices (National currency) Population (Persons).,8153.076,8575.301,9162.97,9837.009,10556.195,11328.096,12161.756,2020
314,ABW,Aruba,Gross domestic product per capita current prices,U.S. dollars,Units,See notes for:  Gross domestic product current prices (National currency) Population (Persons).,36745.657,38018.431,39105.779,40354.646,41689.328,43082.996,44523.254,2021
193,AUS,Australia,Gross domestic product per capita current prices,U.S. dollars,Units,See notes for:  Gross domestic product current prices (National currency) Population (Persons).,65434.328,66589.055,68613.946,70750.809,72808.266,75319.725,78151.369,2021
122,AUT,Austria,Gross domestic product per capita current prices,U.S. dollars,Units,See notes for:  Gross domestic product current prices (National currency) Population (Persons).,57081.047,59225.15,61354.469,63303.028,65025.938,66679.531,68360.109,2023
912,AZE,Azerbaijan,Gross domestic product per capita current prices,U.S. dollars,Units,See notes for:  Gross domestic product current prices (National currency) Population (Persons).,7525.428,7640.915,7808.084,8014.664,8256.333,8548.969,8906.405,2022
313,BHS,The Bahamas,Gross domestic product per capita current prices,U.S. dollars,Units,See notes for:  Gross domestic product current prices (National currency) Population (Persons).,34224.065,35257.198,36173.394,37053.514,37914.305,38861.507,39829.543,2020
419,BHR,Bahrain,Gross domestic product per capita current prices,U.S. dollars,Units,See notes for:  Gross domestic product current prices (National currency) Population (Persons).,28262.187,28876.454,29337.302,29795.699,30354.647,30977.543,31674.141,2022
513,BGD,Bangladesh,Gross domestic product per capita current prices,U.S. dollars,Units,See notes for:  Gross domestic product current prices (National currency) Population (Persons).,2621.288,2646.005,2830.822,3117.74,3465.894,3872.079,4327.33,2020
316,BRB,Barbados,Gross domestic product per capita current prices,U.S. dollars,Units,See notes for:  Gross domestic product current prices (National currency) Population (Persons).,22020.335,23596.139,24928.231,26148.642,27362.668,28633.058,29909.412,2020
913,BLR,Belarus,Gross domestic product per capita current prices,U.S. dollars,Units,See notes for:  Gross domestic product current prices (National currency) Population (Persons).,7820.257,7557.795,7790.189,8118.961,8489.476,8934.404,9357.893,2022
124,BEL,Belgium,Gross domestic product per capita current prices,U.S. dollars,Units,See notes for:  Gross domestic product current prices (National currency) Population (Persons).,53659.317,55536.223,56886.597,58428.977,59965.531,61694.553,63346.238,2023
339,BLZ,Belize,Gross domestic product per capita current prices,U.S. dollars,Units,See notes for:  Gross domestic product current prices (National currency) Population (Persons).,6865.047,7170.182,7369.804,7501.171,7634.879,7770.97,7909.488,2022
638,BEN,Benin,Gross domestic product per capita current prices,U.S. dollars,Units,See notes for:  Gross domestic product current prices (National currency) Population (Persons).,1411.222,1512.242,1590.281,1668.555,1752.843,1841.031,1933.517,2022
514,BTN,Bhutan,Gross domestic product per capita current prices,U.S. dollars,Units,See notes for:  Gross domestic product current prices (National currency) Population (Persons).,3776.426,4014.386,4340.691,4691.867,4991.436,5319.216,5725.055,2021
218,BOL,Bolivia,Gross domestic product per capita current prices,U.S. dollars,Units,See notes for:  Gross domestic product current prices (National currency) Population (Persons).,3831.281,4014.178,4218.49,4412.397,4616.964,4830.857,5054.511,2017
963,BIH,Bosnia and Herzegovina,Gross domestic product per capita current prices,U.S. dollars,Units,See notes for:  Gross domestic product current prices (National currency) Population (Persons).,7856.628,8415.97,8926.879,9439.673,9938.657,10456.047,11077.538,2022
616,BWA,Botswana,Gross domestic product per capita current prices,U.S. dollars,Units,See notes for:  Gross domestic product current prices (National currency) Population (Persons).,7642.011,7875.313,8243.376,8847.123,9404.977,10001.764,10637.143,2021
223,BRA,Brazil,Gross domestic product per capita current prices,U.S. dollars,Units,See notes for:  Gross domestic product current prices (National currency) Population (Persons).,10642.437,11351.871,11808.697,12509.553,13230.253,13847.23,14507.244,2022
516,BRN,Brunei Darussalam,Gross domestic product per capita current prices,U.S. dollars,Units,See notes for:  Gross domestic product current prices (National currency) Population (Persons).,34248.034,35111.31,36942.888,38541.761,40229.877,42186.422,44549.695,2022
918,BGR,Bulgaria,Gross domestic product per capita current prices,U.S. dollars,Units,See notes for:  Gross domestic product current prices (National currency) Population (Persons).,15854.324,16942.519,18075.632,19156.622,20209.419,21324.537,22446.085,2022
748,BFA,Burkina Faso,Gross domestic product per capita current prices,U.S. dollars,Units,See notes for:  Gross domestic product current prices (National currency) Population (Persons).,870.833,910.21,952.383,992.331,1033.073,1076.211,1120.34,2020
618,BDI,Burundi,Gross domestic product per capita current prices,U.S. dollars,Units,See notes for:  Gross domestic product current prices (National currency) Population (Persons).,324.904,230.044,239.663,267.079,289.336,309.41,320.783,2021
624,CPV,Cabo Verde,Gross domestic product per capita current prices,U.S. dollars,Units,See notes for:  Gross domestic product current prices (National currency) Population (Persons).,4368.07,4655.649,4914.9,5171.875,5443.203,5724.863,6027.876,2018
522,KHM,Cambodia,Gross domestic product per capita current prices,U.S. dollars,Units,See notes for:  Gross domestic product current prices (National currency) Population (Persons).,2460.351,2627.767,2807.731,3001.602,3205.566,3417.14,3633.077,2022
622,CMR,Cameroon,Gross domestic product per capita current prices,U.S. dollars,Units,See notes for:  Gross domestic product current prices (National currency) Population (Persons).,1711.341,1814.944,1919.991,2010.068,2099.821,2178.16,2263.404,2022
156,CAN,Canada,Gross domestic product per capita current prices,U.S. dollars,Units,See notes for:  Gross domestic product current prices (National currency) Population (Persons).,53547.719,54866.046,57021.076,58907.323,60729.072,62636.191,64652.555,2022
626,CAF,Central African Republic,Gross domestic product per capita current prices,U.S. dollars,Units,See notes for:  Gross domestic product current prices (National currency) Population (Persons).,514.097,537.601,559.462,580.287,598.99,617.372,637.962,2021
628,TCD,Chad,Gross domestic product per capita current prices,U.S. dollars,Units,See notes for:  Gross domestic product current prices (National currency) Population (Persons).,976.128,1014.082,1038.891,1066.295,1096.552,1130.074,1165.794,2022
228,CHL,Chile,Gross domestic product per capita current prices,U.S. dollars,Units,See notes for:  Gross domestic product current prices (National currency) Population (Persons).,16815.783,16616.231,18545.759,19258.396,20009.758,20787.49,21566.944,2020
924,CHN,China,Gross domestic product per capita current prices,U.S. dollars,Units,See notes for:  Gross domestic product current prices (National currency) Population (Persons).,12513.871,13136.482,14037.338,14928.761,15833.571,16781.705,17704.741,2022
233,COL,Colombia,Gross domestic product per capita current prices,U.S. dollars,Units,See notes for:  Gross domestic product current prices (National currency) Population (Persons).,6971.669,7327.118,7525.465,7776.7,8099.661,8435.699,8775.072,2023
632,COM,Comoros,Gross domestic product per capita current prices,U.S. dollars,Units,See notes for:  Gross domestic product current prices (National currency) Population (Persons).,1352.918,1384.485,1421.304,1460.721,1493.222,1522.976,1552.404,2022
636,COD,Democratic Republic of the Congo,Gross domestic product per capita current prices,U.S. dollars,Units,See notes for:  Gross domestic product current prices (National currency) Population (Persons).,673.033,714.763,779.729,835.574,899.209,954.074,1010.148,0
634,COG,Republic of Congo,Gross domestic product per capita current prices,U.S. dollars,Units,See notes for:  Gross domestic product current prices (National currency) Population (Persons).,2349.952,2456.868,2502.076,2562.217,2637.094,2723.138,2833.752,2020
238,CRI,Costa Rica,Gross domestic product per capita current prices,U.S. dollars,Units,See notes for:  Gross domestic product current prices (National currency) Population (Persons).,16390.222,18030.977,19031.469,19903.189,20864.865,21876.331,22912.308,2022
662,CIV,Côte d'Ivoire,Gross domestic product per capita current prices,U.S. dollars,Units,See notes for:  Gross domestic product current prices (National currency) Population (Persons).,2572.145,2717.404,2854.081,3005.128,3157.044,3314.728,3484.257,2021
960,HRV,Croatia,Gross domestic product per capita current prices,U.S. dollars,Units,See notes for:  Gross domestic product current prices (National currency) Population (Persons).,21347.327,22966.106,24111.468,25391.013,26633.582,27935.496,29259.664,2022
423,CYP,Cyprus,Gross domestic product per capita current prices,U.S. dollars,Units,See notes for:  Gross domestic product current prices (National currency) Population (Persons).,34956.733,37148.586,38664.883,40356.372,42157.386,43961.91,45757.884,2023
935,CZE,Czech Republic,Gross domestic product per capita current prices,U.S. dollars,Units,See notes for:  Gross domestic product current prices (National currency) Population (Persons).,30599.595,29800.665,30956.06,32303.459,33741.764,35285.909,36869.617,2022
128,DNK,Denmark,Gross domestic product per capita current prices,U.S. dollars,Units,See notes for:  Gross domestic product current prices (National currency) Population (Persons).,68299.821,68897.547,71127.031,73789.087,76475.599,79283.332,82204.806,2022
611,DJI,Djibouti,Gross domestic product per capita current prices,U.S. dollars,Units,See notes for:  Gross domestic product current prices (National currency) Population (Persons).,3906.67,4183.97,4464.705,4774.774,5084.772,5419.734,5717.972,2021
321,DMA,Dominica,Gross domestic product per capita current prices,U.S. dollars,Units,See notes for:  Gross domestic product current prices (National currency) Population (Persons).,8837.332,9455.158,10012.808,10495.588,10963.586,11451.69,11901.567,2011
243,DOM,Dominican Republic,Gross domestic product per capita current prices,U.S. dollars,Units,See notes for:  Gross domestic product current prices (National currency) Population (Persons).,11186.956,11773.566,12491.628,13259.277,14094.6,14985.791,15925.3,2019
248,ECU,Ecuador,Gross domestic product per capita current prices,U.S. dollars,Units,See notes for:  Gross domestic product current prices (National currency) Population (Persons).,6581.574,6566.926,6625.886,6761.125,6912.882,7086.597,7268.168,2022
469,EGY,Egypt,Gross domestic product per capita current prices,U.S. dollars,Units,See notes for:  Gross domestic product current prices (National currency) Population (Persons).,3727.657,3224.868,2991.097,3337.352,3727.762,4136.774,4534.357,2022
253,SLV,El Salvador,Gross domestic product per capita current prices,U.S. dollars,Units,See notes for:  Gross domestic product current prices (National currency) Population (Persons).,5349.48,5537.203,5792.099,6047.127,6302.705,6558.171,6825.517,2022
642,GNQ,Equatorial Guinea,Gross domestic product per capita current prices,U.S. dollars,Units,See notes for:  Gross domestic product current prices (National currency) Population (Persons).,6659.505,6733.327,6558.884,6491.055,6606.787,6656.289,6820.576,2015
643,ERI,Eritrea,Gross domestic product per capita current prices,U.S. dollars,Units,See notes for:  Gross domestic product current prices (National currency) Population (Persons).,,,,,,,,2006
939,EST,Estonia,Gross domestic product per capita current prices,U.S. dollars,Units,See notes for:  Gross domestic product current prices (National currency) Population (Persons).,29838.985,31854.782,33346.951,35015.7,36758.507,38651.425,40707.171,2023
734,SWZ,Eswatini,Gross domestic product per capita current prices,U.S. dollars,Units,See notes for:  Gross domestic product current prices (National currency) Population (Persons).,4184.275,4323.957,4464.033,4600.854,4757.106,4897.418,4997.846,2017
644,ETH,Ethiopia,Gross domestic product per capita current prices,U.S. dollars,Units,See notes for:  Gross domestic product current prices (National currency) Population (Persons).,1511.217,1909.984,2163.217,2394.835,2626.668,2883.624,3171.186,2022
819,FJI,Fiji,Gross domestic product per capita current prices,U.S. dollars,Units,See notes for:  Gross domestic product current prices (National currency) Population (Persons).,5992.792,6287.253,6574.521,6897.774,7230.18,7579.424,7936.74,2020
172,FIN,Finland,Gross domestic product per capita current prices,U.S. dollars,Units,See notes for:  Gross domestic product current prices (National currency) Population (Persons).,54007.975,55126.995,56931.463,58889.344,61015.11,63230.003,65393.703,2023
132,FRA,France,Gross domestic product per capita current prices,U.S. dollars,Units,See notes for:  Gross domestic product current prices (National currency) Population (Persons).,46000.803,47358.557,48631.151,50143.044,51571.118,53040.148,54388.208,2022
646,GAB,Gabon,Gross domestic product per capita current prices,U.S. dollars,Units,See notes for:  Gross domestic product current prices (National currency) Population (Persons).,9289.891,9307.875,9148.378,9094.964,9072.123,9093.172,9105.323,2015
648,GMB,The Gambia,Gross domestic product per capita current prices,U.S. dollars,Units,See notes for:  Gross domestic product current prices (National currency) Population (Persons).,893.223,989.17,1071.564,1116.524,1145.004,1177.299,1230.043,2023
915,GEO,Georgia,Gross domestic product per capita current prices,U.S. dollars,Units,See notes for:  Gross domestic product current prices (National currency) Population (Persons).,8172.574,8825.411,9580.993,10340.697,11144.756,11875.604,12902.506,2023
134,DEU,Germany,Gross domestic product per capita current prices,U.S. dollars,Units,See notes for:  Gross domestic product current prices (National currency) Population (Persons).,52726.965,54290.944,56438.537,58471.507,60264.387,61964.994,63550.744,2023
652,GHA,Ghana,Gross domestic product per capita current prices,U.S. dollars,Units,See notes for:  Gross domestic product current prices (National currency) Population (Persons).,2318.309,2229.904,2196.736,2284.684,2375.348,2471.209,2574.451,2022
174,GRC,Greece,Gross domestic product per capita current prices,U.S. dollars,Units,See notes for:  Gross domestic product current prices (National currency) Population (Persons).,22805.197,23965.779,24952.668,25909.598,26783.275,27693.171,28628.224,2022
328,GRD,Grenada,Gross domestic product per capita current prices,U.S. dollars,Units,See notes for:  Gross domestic product current prices (National currency) Population (Persons).,11623.786,12254.599,12901.421,13518.451,14126.984,14763.332,15428.784,2021
258,GTM,Guatemala,Gross domestic product per capita current prices,U.S. dollars,Units,See notes for:  Gross domestic product current prices (National currency) Population (Persons).,5368.885,5678.085,5971.242,6283.336,6615.301,6972.299,7348.849,2020
656,GIN,Guinea,Gross domestic product per capita current prices,U.S. dollars,Units,See notes for:  Gross domestic product current prices (National currency) Population (Persons).,1529.46,1650.556,1722.243,1791.998,1871.039,1954.104,2028.491,2014
654,GNB,Guinea-Bissau,Gross domestic product per capita current prices,U.S. dollars,Units,See notes for:  Gross domestic product current prices (National currency) Population (Persons).,1016.816,1087.487,1149.592,1213.43,1281.47,1347.568,1408.706,2017
336,GUY,Guyana,Gross domestic product per capita current prices,U.S. dollars,Units,See notes for:  Gross domestic product current prices (National currency) Population (Persons).,21472.271,26592.216,29650.421,34953.959,36069.224,37314.144,38677.243,2019
263,HTI,Haiti,Gross domestic product per capita current prices,U.S. dollars,Units,See notes for:  Gross domestic product current prices (National currency) Population (Persons).,1761.086,1940.632,1939.887,1902.835,1873.309,1881.008,1915.761,2003
268,HND,Honduras,Gross domestic product per capita current prices,U.S. dollars,Units,See notes for:  Gross domestic product current prices (National currency) Population (Persons).,3330.339,3504.502,3653.202,3801.905,3958.926,4121.976,4292.904,2022
532,HKG,Hong Kong SAR,Gross domestic product per capita current prices,U.S. dollars,Units,See notes for:  Gross domestic product current prices (National currency) Population (Persons).,50029.777,53606.486,56049.859,58524.952,61081.293,63741.272,66488.289,2021
944,HUN,Hungary,Gross domestic product per capita current prices,U.S. dollars,Units,See notes for:  Gross domestic product current prices (National currency) Population (Persons).,22146.885,23318.553,25128.052,26662.066,28304.791,30103.224,31966.095,2022
176,ISL,Iceland,Gross domestic product per capita current prices,U.S. dollars,Units,See notes for:  Gross domestic product current prices (National currency) Population (Persons).,79998.436,84593.939,89380.353,94704.131,100520.558,106804.339,113418.214,2022
534,IND,India,Gross domestic product per capita current prices,U.S. dollars,Units,See notes for:  Gross domestic product current prices (National currency) Population (Persons).,2500.356,2730.774,2983.507,3264.536,3573.342,3910.663,4281.196,2013
536,IDN,Indonesia,Gross domestic product per capita current prices,U.S. dollars,Units,See notes for:  Gross domestic product current prices (National currency) Population (Persons).,4942.361,5270.975,5713.854,6130.674,6565.312,7029.755,7519.119,2023
429,IRN,Islamic Republic of Iran,Gross domestic product per capita current prices,U.S. dollars,Units,See notes for:  Gross domestic product current prices (National currency) Population (Persons).,4662.52,5310.256,5507.614,5713.02,5908.999,6090.608,6272.258,2021
433,IRQ,Iraq,Gross domestic product per capita current prices,U.S. dollars,Units,See notes for:  Gross domestic product current prices (National currency) Population (Persons).,5869.58,5978.943,6110.518,6240.534,6401.306,6598.905,6824.812,2013
178,IRL,Ireland,Gross domestic product per capita current prices,U.S. dollars,Units,See notes for:  Gross domestic product current prices (National currency) Population (Persons).,104272.075,106058.582,109153.379,112706.213,116359.347,120220.224,124201.41,2023
436,ISR,Israel,Gross domestic product per capita current prices,U.S. dollars,Units,See notes for:  Gross domestic product current prices (National currency) Population (Persons).,52219.276,53371.545,56205.058,57590.176,59078.862,60726.407,62427.723,2023
136,ITA,Italy,Gross domestic product per capita current prices,U.S. dollars,Units,See notes for:  Gross domestic product current prices (National currency) Population (Persons).,38325.839,39579.56,40700.723,41611.852,42604.231,43834.553,45095.652,2023
343,JAM,Jamaica,Gross domestic product per capita current prices,U.S. dollars,Units,See notes for:  Gross domestic product current prices (National currency) Population (Persons).,6875.672,7309.314,7576.182,7817.25,8066.262,8325.393,8592.95,2019
158,JPN,Japan,Gross domestic product per capita current prices,U.S. dollars,Units,See notes for:  Gross domestic product current prices (National currency) Population (Persons).,33805.939,33138.163,34921.551,36642.656,38064.804,39819.642,40948.61,2023
439,JOR,Jordan,Gross domestic product per capita current prices,U.S. dollars,Units,See notes for:  Gross domestic product current prices (National currency) Population (Persons).,4497.524,4705.339,4942.831,5185.344,5432.157,5686.271,5947.829,2022
916,KAZ,Kazakhstan,Gross domestic product per capita current prices,U.S. dollars,Units,See notes for:  Gross domestic product current prices (National currency) Population (Persons).,13116.815,14778.424,15425.753,15963.801,16935.074,17692.541,18396.263,2022
664,KEN,Kenya,Gross domestic product per capita current prices,U.S. dollars,Units,See notes for:  Gross domestic product current prices (National currency) Population (Persons).,2113.407,1983.099,2055.065,2175.193,2287.204,2414.57,2548.576,2019
826,KIR,Kiribati,Gross domestic product per capita current prices,U.S. dollars,Units,See notes for:  Gross domestic product current prices (National currency) Population (Persons).,2231.448,2446.127,2569.127,2662.894,2736.923,2801.082,2868.917,2022
542,KOR,Korea,Gross domestic product per capita current prices,U.S. dollars,Units,See notes for:  Gross domestic product current prices (National currency) Population (Persons).,33192.046,34164.985,35785.088,37408.841,39011.544,40654.953,42326.204,2022
967,UVK,Kosovo,Gross domestic product per capita current prices,U.S. dollars,Units,See notes for:  Gross domestic product current prices (National currency) Population (Persons).,5917.051,6388.731,6891.451,7368.246,7820.594,8269.518,8649.689,2021
443,KWT,Kuwait,Gross domestic product per capita current prices,U.S. dollars,Units,See notes for:  Gross domestic product current prices (National currency) Population (Persons).,32638.041,31723.933,31679.561,31648.05,31895.839,32301.842,32858.403,2022
917,KGZ,Kyrgyz Republic,Gross domestic product per capita current prices,U.S. dollars,Units,See notes for:  Gross domestic product current prices (National currency) Population (Persons).,1843.19,1921.514,2029.441,2119.133,2194.621,2257.322,2323.418,2021
544,LAO,Lao P.D.R.,Gross domestic product per capita current prices,U.S. dollars,Units,See notes for:  Gross domestic product current prices (National currency) Population (Persons).,2004.349,1976.483,2082.896,2155.759,2247.18,2362.978,2489.503,2022
941,LVA,Latvia,Gross domestic product per capita current prices,U.S. dollars,Units,See notes for:  Gross domestic product current prices (National currency) Population (Persons).,23153.479,24193.744,25739.259,27112.523,28543.73,30051.961,31619.005,2023
446,LBN,Lebanon,Gross domestic product per capita current prices,U.S. dollars,Units,See notes for:  Gross domestic product current prices (National currency) Population (Persons).,,,,,,,,2019
666,LSO,Lesotho,Gross domestic product per capita current prices,U.S. dollars,Units,See notes for:  Gross domestic product current prices (National currency) Population (Persons).,1052.122,1107.084,1152.451,1191.061,1219.862,1249.71,1321.604,2022
668,LBR,Liberia,Gross domestic product per capita current prices,U.S. dollars,Units,See notes for:  Gross domestic product current prices (National currency) Population (Persons).,808.229,854.852,890.424,940.938,988.7,1051.415,1101.728,2022
672,LBY,Libya,Gross domestic product per capita current prices,U.S. dollars,Units,See notes for:  Gross domestic product current prices (National currency) Population (Persons).,6576.036,6975.33,7241.069,7414.457,7443.76,7479.059,7596.391,2019
946,LTU,Lithuania,Gross domestic product per capita current prices,U.S. dollars,Units,See notes for:  Gross domestic product current prices (National currency) Population (Persons).,27026.117,28407.196,29919.557,31545.372,33216.845,34974.295,36780.264,2023
137,LUX,Luxembourg,Gross domestic product per capita current prices,U.S. dollars,Units,See notes for:  Gross domestic product current prices (National currency) Population (Persons).,129810.315,131384.164,135804.152,138927.725,142003.486,145060.816,148007.194,2022
546,MAC,Macao SAR,Gross domestic product per capita current prices,U.S. dollars,Units,See notes for:  Gross domestic product current prices (National currency) Population (Persons).,69079.722,78962.24,87834.545,92724.425,96857.826,101206.886,105985.776,2022
674,MDG,Madagascar,Gross domestic product per capita current prices,U.S. dollars,Units,See notes for:  Gross domestic product current prices (National currency) Population (Persons).,529.224,538.176,569.802,596.18,625.025,665.639,709.544,2018
676,MWI,Malawi,Gross domestic product per capita current prices,U.S. dollars,Units,See notes for:  Gross domestic product current prices (National currency) Population (Persons).,577.538,480.727,471.082,472.643,485.061,498.686,513.443,2016
548,MYS,Malaysia,Gross domestic product per capita current prices,U.S. dollars,Units,See notes for:  Gross domestic product current prices (National currency) Population (Persons).,12570.46,13314.84,14115.222,14870.382,15556.055,16318.436,17075.157,2022
556,MDV,Maldives,Gross domestic product per capita current prices,U.S. dollars,Units,See notes for:  Gross domestic product current prices (National currency) Population (Persons).,16822.54,17817.78,19223.199,20255.626,21294.957,22323.376,23401.46,2014
678,MLI,Mali,Gross domestic product per capita current prices,U.S. dollars,Units,See notes for:  Gross domestic product current prices (National currency) Population (Persons).,885.88,898.817,923.916,956.634,990.154,1025.229,1060.431,2022
181,MLT,Malta,Gross domestic product per capita current prices,U.S. dollars,Units,See notes for:  Gross domestic product current prices (National currency) Population (Persons).,38673.584,41738.084,43878.77,46110.644,48351.43,50683.081,53064.306,2023
867,MHL,Marshall Islands,Gross domestic product per capita current prices,U.S. dollars,Units,See notes for:  Gross domestic product current prices (National currency) Population (Persons).,6306.945,6710.545,6943.294,7149.939,7341.455,7538.102,7740.015,2022
682,MRT,Mauritania,Gross domestic product per capita current prices,U.S. dollars,Units,See notes for:  Gross domestic product current prices (National currency) Population (Persons).,2379.854,2346.945,2453.22,2523.586,2590.562,2639.728,2608.223,2014
684,MUS,Mauritius,Gross domestic product per capita current prices,U.S. dollars,Units,See notes for:  Gross domestic product current prices (National currency) Population (Persons).,11396.06,12973.298,13999.562,15034.395,16016.167,17047.711,18124.288,2022
273,MEX,Mexico,Gross domestic product per capita current prices,U.S. dollars,Units,See notes for:  Gross domestic product current prices (National currency) Population (Persons).,13641.613,15248.788,15956.446,16599.542,17221.425,17883.078,18541.892,2020
868,FSM,Micronesia,Gross domestic product per capita current prices,U.S. dollars,Units,See notes for:  Gross domestic product current prices (National currency) Population (Persons).,4864.704,5119.566,5363.506,5558.945,5720.226,5879.649,6039.222,2021
921,MDA,Moldova,Gross domestic product per capita current prices,U.S. dollars,Units,See notes for:  Gross domestic product current prices (National currency) Population (Persons).,6832.465,7488.443,8386.036,9407.804,10555.316,11845.334,13329.665,2022
948,MNG,Mongolia,Gross domestic product per capita current prices,U.S. dollars,Units,See notes for:  Gross domestic product current prices (National currency) Population (Persons).,5668.351,6181.886,6541.563,6975.961,7395.987,7832.809,8295.437,2022
943,MNE,Montenegro,Gross domestic product per capita current prices,U.S. dollars,Units,See notes for:  Gross domestic product current prices (National currency) Population (Persons).,11696.262,12645.548,13359.653,14060.294,14764.208,15504.593,16265.698,2023
686,MAR,Morocco,Gross domestic product per capita current prices,U.S. dollars,Units,See notes for:  Gross domestic product current prices (National currency) Population (Persons).,3888.585,4077.525,4280.752,4490.39,4692.322,4900.389,5119.35,2022
688,MOZ,Mozambique,Gross domestic product per capita current prices,U.S. dollars,Units,See notes for:  Gross domestic product current prices (National currency) Population (Persons).,629.921,659.095,703.449,724.156,815.223,906.259,975.902,2015
518,MMR,Myanmar,Gross domestic product per capita current prices,U.S. dollars,Units,See notes for:  Gross domestic product current prices (National currency) Population (Persons).,1189.842,1247.676,1342.215,1444.559,1557.279,1679.3,1811.419,2021
728,NAM,Namibia,Gross domestic product per capita current prices,U.S. dollars,Units,See notes for:  Gross domestic product current prices (National currency) Population (Persons).,4664.713,4745.256,4924.524,5110.055,5282.398,5450.463,5624.022,2022
836,NRU,Nauru,Gross domestic product per capita current prices,U.S. dollars,Units,See notes for:  Gross domestic product current prices (National currency) Population (Persons).,12037.888,12362.25,12314.216,12443.384,12429.281,12458.459,12569.948,2020
558,NPL,Nepal,Gross domestic product per capita current prices,U.S. dollars,Units,See notes for:  Gross domestic product current prices (National currency) Population (Persons).,1319.643,1397.08,1519.955,1647.083,1785.318,1937.214,2102.012,2022
138,NLD,Netherlands,Gross domestic product per capita current prices,U.S. dollars,Units,See notes for:  Gross domestic product current prices (National currency) Population (Persons).,62718.681,63749.903,65315.916,67444.988,69642.68,71869.919,73990.171,2023
196,NZL,New Zealand,Gross domestic product per capita current prices,U.S. dollars,Units,See notes for:  Gross domestic product current prices (National currency) Population (Persons).,47536.739,48530.814,49644.841,51049.101,52395.131,54052.205,55738.463,2022
278,NIC,Nicaragua,Gross domestic product per capita current prices,U.S. dollars,Units,See notes for:  Gross domestic product current prices (National currency) Population (Persons).,2608.085,2791.231,2973.508,3167.689,3374.551,3594.921,3829.682,2020
692,NER,Niger,Gross domestic product per capita current prices,U.S. dollars,Units,See notes for:  Gross domestic product current prices (National currency) Population (Persons).,610.635,670.104,700.75,731.3,760.263,791.826,824.13,2009
694,NGA,Nigeria,Gross domestic product per capita current prices,U.S. dollars,Units,See notes for:  Gross domestic product current prices (National currency) Population (Persons).,1687.568,1109.899,1076.518,1065.914,1085.256,1103.454,1120.672,2012
962,MKD,North Macedonia,Gross domestic product per capita current prices,U.S. dollars,Units,See notes for:  Gross domestic product current prices (National currency) Population (Persons).,8147.93,8847.378,9522.223,10229.125,11044.67,11874.168,12681.037,2023
142,NOR,Norway,Gross domestic product per capita current prices,U.S. dollars,Units,See notes for:  Gross domestic product current prices (National currency) Population (Persons).,87739.41,94659.918,99063.714,100171.014,102550.758,104875.665,107586.572,2023
449,OMN,Oman,Gross domestic product per capita current prices,U.S. dollars,Units,See notes for:  Gross domestic product current prices (National currency) Population (Persons).,21623.401,20913.3,20660.139,20697.247,20809.678,21005.5,20916.436,2022
564,PAK,Pakistan,Gross domestic product per capita current prices,U.S. dollars,Units,See notes for:  Gross domestic product current prices (National currency) Population (Persons).,1460.74,,,,,,,2023
565,PLW,Palau,Gross domestic product per capita current prices,U.S. dollars,Units,See notes for:  Gross domestic product current prices (National currency) Population (Persons).,15084.549,17441.487,19893.274,21010.385,21889.757,22689.037,23543.37,2022
283,PAN,Panama,Gross domestic product per capita current prices,U.S. dollars,Units,See notes for:  Gross domestic product current prices (National currency) Population (Persons).,18725.739,19369.476,20092.016,21058.012,22070.452,23131.568,24243.702,2022
853,PNG,Papua New Guinea,Gross domestic product per capita current prices,U.S. dollars,Units,See notes for:  Gross domestic product current prices (National currency) Population (Persons).,2524.633,2530.37,2550.861,2569.773,2599.04,2638.319,2676.699,2021
288,PRY,Paraguay,Gross domestic product per capita current prices,U.S. dollars,Units,See notes for:  Gross domestic product current prices (National currency) Population (Persons).,5806.988,5984.287,6191.214,6537.37,6804.303,7084.542,7377.676,2022
293,PER,Peru,Gross domestic product per capita current prices,U.S. dollars,Units,See notes for:  Gross domestic product current prices (National currency) Population (Persons).,7932.905,8290.943,8566.977,8839.338,9115.392,9396.777,9684.88,2017
566,PHL,Philippines,Gross domestic product per capita current prices,U.S. dollars,Units,See notes for:  Gross domestic product current prices (National currency) Population (Persons).,3867.672,4130.275,4414.976,4730.267,5065.527,5463.058,5895.856,2023
964,POL,Poland,Gross domestic product per capita current prices,U.S. dollars,Units,See notes for:  Gross domestic product current prices (National currency) Population (Persons).,21995.995,23013.882,24143.698,25646.252,26976.259,28087.029,29259.126,2023
182,PRT,Portugal,Gross domestic product per capita current prices,U.S. dollars,Units,See notes for:  Gross domestic product current prices (National currency) Population (Persons).,27880.066,28969.288,29982.563,31234.692,32506.273,33829.599,35153.429,2023
359,PRI,Puerto Rico,Gross domestic product per capita current prices,U.S. dollars,Units,See notes for:  Gross domestic product current prices (National currency) Population (Persons).,36369.133,37171.719,38203.077,39415.171,41312.057,42902.328,44476.892,2022
453,QAT,Qatar,Gross domestic product per capita current prices,U.S. dollars,Units,See notes for:  Gross domestic product current prices (National currency) Population (Persons).,78696.207,81399.515,83381.717,88598.208,94837.145,98586.983,101321.439,2022
968,ROU,Romania,Gross domestic product per capita current prices,U.S. dollars,Units,See notes for:  Gross domestic product current prices (National currency) Population (Persons).,18175.989,19529.841,20693.27,22083.359,23598.49,25114.876,26635.981,2022
922,RUS,Russia,Gross domestic product per capita current prices,U.S. dollars,Units,See notes for:  Gross domestic product current prices (National currency) Population (Persons).,13647.814,14391.176,14659.325,14883.648,15145.817,15426.145,15683.454,2022
714,RWA,Rwanda,Gross domestic product per capita current prices,U.S. dollars,Units,See notes for:  Gross domestic product current prices (National currency) Population (Persons).,1038.642,988.74,998.04,1049.035,1107.422,1182.635,1271.273,2012
862,WSM,Samoa,Gross domestic product per capita current prices,U.S. dollars,Units,See notes for:  Gross domestic product current prices (National currency) Population (Persons).,4478.194,4839.664,5096.051,5297.464,5458.296,5609.656,5772.242,2022
135,SMR,San Marino,Gross domestic product per capita current prices,U.S. dollars,Units,See notes for:  Gross domestic product current prices (National currency) Population (Persons).,57259.3,59405.352,60913.271,62676.202,64467.385,66334.868,68186.05,2021
716,STP,São Tomé and Príncipe,Gross domestic product per capita current prices,U.S. dollars,Units,See notes for:  Gross domestic product current prices (National currency) Population (Persons).,2827.812,3167.295,3392.648,3460.34,3678.532,3905.489,4148.766,2011
456,SAU,Saudi Arabia,Gross domestic product per capita current prices,U.S. dollars,Units,See notes for:  Gross domestic product current prices (National currency) Population (Persons).,32529.702,33039.932,34295.407,35285.513,36302.672,37238.233,38672.433,2022
722,SEN,Senegal,Gross domestic product per capita current prices,U.S. dollars,Units,See notes for:  Gross domestic product current prices (National currency) Population (Persons).,1729.274,1899.731,2084.308,2179.998,2266.308,2395.366,2481.079,2020
942,SRB,Serbia,Gross domestic product per capita current prices,U.S. dollars,Units,See notes for:  Gross domestic product current prices (National currency) Population (Persons).,11327.13,12383.904,13324.37,14372.028,15446.766,16570.011,17823.626,2022
718,SYC,Seychelles,Gross domestic product per capita current prices,U.S. dollars,Units,See notes for:  Gross domestic product current prices (National currency) Population (Persons).,21575.319,21875.075,22973.109,24207.453,25616.316,27139.876,28741.897,2022
724,SLE,Sierra Leone,Gross domestic product per capita current prices,U.S. dollars,Units,See notes for:  Gross domestic product current prices (National currency) Population (Persons).,460.598,526.587,520.125,520.184,533.541,552.159,572.058,2023
576,SGP,Singapore,Gross domestic product per capita current prices,U.S. dollars,Units,See notes for:  Gross domestic product current prices (National currency) Population (Persons).,84734.277,88446.924,91685.215,95271.736,98816.02,102460.237,106420.978,2022
936,SVK,Slovak Republic,Gross domestic product per capita current prices,U.S. dollars,Units,See notes for:  Gross domestic product current prices (National currency) Population (Persons).,24337.251,25934.992,27523.336,28952.303,30291.808,31712.624,33180.935,2023
961,SVN,Slovenia,Gross domestic product per capita current prices,U.S. dollars,Units,See notes for:  Gross domestic product current prices (National currency) Population (Persons).,32233.058,34026.494,35429.874,37077.084,38790.722,40628.499,42508.741,2023
813,SLB,Solomon Islands,Gross domestic product per capita current prices,U.S. dollars,Units,See notes for:  Gross domestic product current prices (National currency) Population (Persons).,2204.929,2252.633,2342.918,2427.663,2519.405,2611.12,2704.343,2019
726,SOM,Somalia,Gross domestic product per capita current prices,U.S. dollars,Units,See notes for:  Gross domestic product current prices (National currency) Population (Persons).,727.678,775.944,818.894,863.598,909.831,957.141,1002.158,2013
199,ZAF,South Africa,Gross domestic product per capita current prices,U.S. dollars,Units,See notes for:  Gross domestic product current prices (National currency) Population (Persons).,6138.248,5974.912,6067.003,6182.388,6318.676,6444.031,6572.774,2022
733,SSD,South Sudan,Gross domestic product per capita current prices,U.S. dollars,Units,See notes for:  Gross domestic product current prices (National currency) Population (Persons).,485.913,421.857,439.547,447.72,462.768,491.563,544.404,2008
184,ESP,Spain,Gross domestic product per capita current prices,U.S. dollars,Units,See notes for:  Gross domestic product current prices (National currency) Population (Persons).,33071.349,34045.166,35072.464,35852.484,36646.005,37526.88,38428.381,2023
524,LKA,Sri Lanka,Gross domestic product per capita current prices,U.S. dollars,Units,See notes for:  Gross domestic product current prices (National currency) Population (Persons).,,,,,,,,2020
361,KNA,St. Kitts and Nevis,Gross domestic product per capita current prices,U.S. dollars,Units,See notes for:  Gross domestic product current prices (National currency) Population (Persons).,22366.128,23705.137,25187.73,26634.181,27966.676,29313.166,30732.485,2021
362,LCA,St. Lucia,Gross domestic product per capita current prices,U.S. dollars,Units,See notes for:  Gross domestic product current prices (National currency) Population (Persons).,13545.906,14101.38,14660.583,15197.064,15711.662,16243.685,16793.723,2022
364,VCT,St. Vincent and the Grenadines,Gross domestic product per capita current prices,U.S. dollars,Units,See notes for:  Gross domestic product current prices (National currency) Population (Persons).,9377.364,10150.323,10745.206,11254.526,11776.52,12322.725,12894.264,2016
732,SDN,Sudan,Gross domestic product per capita current prices,U.S. dollars,Units,See notes for:  Gross domestic product current prices (National currency) Population (Persons).,536.922,546.707,544.379,546.112,542.75,536.893,523.605,2011
366,SUR,Suriname,Gross domestic product per capita current prices,U.S. dollars,Units,See notes for:  Gross domestic product current prices (National currency) Population (Persons).,5885.181,6702.27,7000.943,7177.885,7462.615,7688.594,8006.5,2022
144,SWE,Sweden,Gross domestic product per capita current prices,U.S. dollars,Units,See notes for:  Gross domestic product current prices (National currency) Population (Persons).,56224.808,58528.523,60672.785,62869.958,65252.047,67648.9,70143.702,2023
146,CHE,Switzerland,Gross domestic product per capita current prices,U.S. dollars,Units,See notes for:  Gross domestic product current prices (National currency) Population (Persons).,100413.067,105668.981,108602.544,113415.756,116978.372,122106.972,125914.284,2022
463,SYR,Syria,Gross domestic product per capita current prices,U.S. dollars,Units,See notes for:  Gross domestic product current prices (National currency) Population (Persons).,,,,,,,,2010
528,TWN,Taiwan Province of China,Gross domestic product per capita current prices,U.S. dollars,Units,See notes for:  Gross domestic product current prices (National currency) Population (Persons).,32443.705,34431.965,36649.723,38602.152,40453.316,41836.924,43103.977,2023
923,TJK,Tajikistan,Gross domestic product per capita current prices,U.S. dollars,Units,See notes for:  Gross domestic product current prices (National currency) Population (Persons).,1183.908,1271.387,1362.682,1461.976,1567.952,1675.094,1790.111,2014
738,TZA,Tanzania,Gross domestic product per capita current prices,U.S. dollars,Units,See notes for:  Gross domestic product current prices (National currency) Population (Persons).,1254.229,1220.356,1282.112,1355.058,1446.146,1546.871,1654.152,2012
578,THA,Thailand,Gross domestic product per capita current prices,U.S. dollars,Units,See notes for:  Gross domestic product current prices (National currency) Population (Persons).,7337.194,7811.598,8153.025,8608.04,9146.988,9639.942,10091.39,2022
537,TLS,Timor-Leste,Gross domestic product per capita current prices,U.S. dollars,Units,See notes for:  Gross domestic product current prices (National currency) Population (Persons).,1730.627,1453.668,1540.034,1627.065,1717.616,1813.636,1915.582,2019
742,TGO,Togo,Gross domestic product per capita current prices,U.S. dollars,Units,See notes for:  Gross domestic product current prices (National currency) Population (Persons).,998.245,1058.319,1109.584,1163.317,1220.298,1280.209,1343.708,2022
866,TON,Tonga,Gross domestic product per capita current prices,U.S. dollars,Units,See notes for:  Gross domestic product current prices (National currency) Population (Persons).,5487.667,5840.151,6112.257,6311.946,6515.298,6748.674,6981.651,2020
369,TTO,Trinidad and Tobago,Gross domestic product per capita current prices,U.S. dollars,Units,See notes for:  Gross domestic product current prices (National currency) Population (Persons).,19801.012,19861.182,20562.165,20845.424,21289.364,21885.524,22476.591,2021
744,TUN,Tunisia,Gross domestic product per capita current prices,U.S. dollars,Units,See notes for:  Gross domestic product current prices (National currency) Population (Persons).,4191.62,4435.001,4492.333,4637.085,4686.354,4685.984,4702.122,2019
186,TUR,Türkiye,Gross domestic product per capita current prices,U.S. dollars,Units,See notes for:  Gross domestic product current prices (National currency) Population (Persons).,12849,12764.707,12551.425,12942.701,13298.255,13656.204,14010.767,2023
925,TKM,Turkmenistan,Gross domestic product per capita current prices,U.S. dollars,Units,See notes for:  Gross domestic product current prices (National currency) Population (Persons).,11833.107,12412.043,13329.488,14365.972,15517.968,16793.897,18202.607,2004
869,TUV,Tuvalu,Gross domestic product per capita current prices,U.S. dollars,Units,See notes for:  Gross domestic product current prices (National currency) Population (Persons).,5722.541,6001.056,6300.646,6571.578,6896.939,7217.367,7542.866,2017
746,UGA,Uganda,Gross domestic product per capita current prices,U.S. dollars,Units,See notes for:  Gross domestic product current prices (National currency) Population (Persons).,1139.3,1201.968,1286.035,1350.667,1411.364,1491.849,1612.488,2021
926,UKR,Ukraine,Gross domestic product per capita current prices,U.S. dollars,Units,See notes for:  Gross domestic product current prices (National currency) Population (Persons).,5337.491,5662.948,5641.731,5773.993,5982.552,6303.601,6648.878,2020
466,ARE,United Arab Emirates,Gross domestic product per capita current prices,U.S. dollars,Units,See notes for:  Gross domestic product current prices (National currency) Population (Persons).,51908.699,53916.025,55781.488,58139.358,60895.294,64038.482,67538.607,2021
112,GBR,United Kingdom,Gross domestic product per capita current prices,U.S. dollars,Units,See notes for:  Gross domestic product current prices (National currency) Population (Persons).,49098.977,51074.793,53627.266,56759.134,59870.371,63279.415,66911.1,2020
111,USA,United States,Gross domestic product per capita current prices,U.S. dollars,Units,See notes for:  Gross domestic product current prices (National currency) Population (Persons).,81632.253,85372.686,87978.472,90902.779,94011.701,97230.612,100579.865,2023
298,URY,Uruguay,Gross domestic product per capita current prices,U.S. dollars,Units,See notes for:  Gross domestic product current prices (National currency) Population (Persons).,21656.979,23087.682,24044.448,25033.016,26088.201,27229.474,28431.828,2022
927,UZB,Uzbekistan,Gross domestic product per capita current prices,U.S. dollars,Units,See notes for:  Gross domestic product current prices (National currency) Population (Persons).,2522.757,2665.812,2930.961,3219.907,3527.467,3865.305,4198.041,2023
846,VUT,Vanuatu,Gross domestic product per capita current prices,U.S. dollars,Units,See notes for:  Gross domestic product current prices (National currency) Population (Persons).,3501.24,3733.74,3919.608,4060.683,4201.47,4326.453,4455.154,2020
299,VEN,Venezuela,Gross domestic product per capita current prices,U.S. dollars,Units,See notes for:  Gross domestic product current prices (National currency) Population (Persons).,3659.195,3867.439,3968.917,,,,,2010
582,VNM,Vietnam,Gross domestic product per capita current prices,U.S. dollars,Units,See notes for:  Gross domestic product current prices (National currency) Population (Persons).,4324.049,4622.544,4977.119,5339.955,5722.016,6123.065,6542.783,2022
487,WBG,West Bank and Gaza,Gross domestic product per capita current prices,U.S. dollars,Units,See notes for:  Gross domestic product current prices (National currency) Population (Persons).,3396.263,,,,,,,2022
474,YEM,Yemen,Gross domestic product per capita current prices,U.S. dollars,Units,See notes for:  Gross domestic product current prices (National currency) Population (Persons).,540.765,486.382,482.333,540.299,615.081,658.072,690.577,2022
754,ZMB,Zambia,Gross domestic product per capita current prices,U.S. dollars,Units,See notes for:  Gross domestic product current prices (National currency) Population (Persons).,1380.974,1413.421,1493.054,1573.374,1662.791,1756.875,1853.015,2022
698,ZWE,Zimbabwe,Gross domestic product per capita current prices,U.S. dollars,Units,See notes for:  Gross domestic product current prices (National currency) Population (Persons).,1993.038,2087.614,2103.128,2130.658,2156.633,2185.572,2210.142,2017
,,,,,,,,,,,,,,
International Monetary Fund World Economic Outlook Database April 2024,,,,,,,,,,,,,,
